-- phpMyAdmin SQL Dump
-- version 4.8.4
-- https://www.phpmyadmin.net/
--
-- Host: 127.0.0.1:3306
-- Generation Time: Aug 16, 2021 at 03:52 PM
-- Server version: 5.7.24-log
-- PHP Version: 7.2.14

SET SQL_MODE = "NO_AUTO_VALUE_ON_ZERO";
SET AUTOCOMMIT = 0;
START TRANSACTION;
SET time_zone = "+00:00";


/*!40101 SET @OLD_CHARACTER_SET_CLIENT=@@CHARACTER_SET_CLIENT */;
/*!40101 SET @OLD_CHARACTER_SET_RESULTS=@@CHARACTER_SET_RESULTS */;
/*!40101 SET @OLD_COLLATION_CONNECTION=@@COLLATION_CONNECTION */;
/*!40101 SET NAMES utf8mb4 */;

--
-- Database: `book_your_ticket`
--

-- --------------------------------------------------------
-- --------------------------------------------------------
-- --------------------------------------------------------

--
-- Table structure for table `movie_info`
--

DROP TABLE IF EXISTS `movie_info`;
CREATE TABLE IF NOT EXISTS `movie_info` (
  `movie_id` bigint(20) NOT NULL AUTO_INCREMENT,
  `movie_name` varchar(255) DEFAULT NULL,
  `language` varchar(255) DEFAULT NULL,
  `released_date` datetime DEFAULT NULL,
  `status` varchar(255) DEFAULT NULL,
  `created_at` datetime DEFAULT NULL,
  `updated_at` datetime DEFAULT NULL,
  PRIMARY KEY (`movie_id`)
) ENGINE=MyISAM AUTO_INCREMENT=4 DEFAULT CHARSET=latin1;

--
-- Dumping data for table `movie_info`
--

INSERT INTO `movie_info` (`movie_id`, `created_at`, `language`, `movie_name`, `released_date`, `status`, `updated_at`) VALUES
(1, '2017-12-22 00:00:00', 'ENGLISH', 'The Suicide Squad (2021)', '2017-12-22 00:00:00', 'A', '2017-12-22 00:00:00'),
(2, '2017-12-22 00:00:00', 'ENGLISH', 'F9: The Fast Saga', '2017-12-22 00:00:00', 'A', '2017-12-22 00:00:00'),
(3, '2017-12-22 00:00:00', 'ENGLISH', 'Tom & Jerry', '2017-12-22 00:00:00', 'A', '2017-12-22 00:00:00');

-- --------------------------------------------------------

--
-- Table structure for table `payment_info`
--

DROP TABLE IF EXISTS `payment_info`;
CREATE TABLE IF NOT EXISTS `payment_info` (
  `payment_id` bigint(20) NOT NULL AUTO_INCREMENT,
  `discount_coupon_id` varchar(255) DEFAULT NULL,
  `payment_method` varchar(255) DEFAULT NULL,
  `payment_status` varchar(255) DEFAULT NULL,
  `transaction_id` varchar(255) DEFAULT NULL,
  `booking_id` bigint(20) DEFAULT NULL,
  `status` varchar(255) DEFAULT NULL,
  `created_at` datetime DEFAULT NULL,
  `updated_at` datetime DEFAULT NULL,
  PRIMARY KEY (`payment_id`),
  KEY `FK71aagn5gsa0onk975hm748abj` (`booking_id`)
) ENGINE=MyISAM DEFAULT CHARSET=latin1;

-- --------------------------------------------------------

--
-- Table structure for table `screen_info`
--

DROP TABLE IF EXISTS `screen_info`;
CREATE TABLE IF NOT EXISTS `screen_info` (
  `screen_id` bigint(20) NOT NULL AUTO_INCREMENT,
  `screen_name` varchar(255) DEFAULT NULL,
  `theatre_id` bigint(20) DEFAULT NULL,
  `no_of_seats` int(11) DEFAULT NULL,
  `status` varchar(255) DEFAULT NULL,
  `created_at` datetime DEFAULT NULL,
  `updated_at` datetime DEFAULT NULL,
  PRIMARY KEY (`screen_id`),
  KEY `FKpiy4gfn1v2i7d05221mra721x` (`theatre_id`)
) ENGINE=MyISAM AUTO_INCREMENT=13 DEFAULT CHARSET=latin1;

--
-- Dumping data for table `screen_info`
--

INSERT INTO `screen_info` (`screen_id`, `created_at`, `no_of_seats`, `screen_name`, `status`, `updated_at`, `theatre_id`) VALUES
(1, '2021-08-12 00:00:00', 20, 'AGS Screen 1', 'A', '2021-08-12 00:00:00', 1),
(2, '2021-08-12 00:00:00', 25, 'AGS Screen 2', 'A', '2021-08-12 00:00:00', 1),
(3, '2021-08-12 00:00:00', 20, 'INOX Screen 1', 'A', '2021-08-12 00:00:00', 2),
(4, '2021-08-12 00:00:00', 25, 'INOX Screen 2', 'A', '2021-08-12 00:00:00', 2),
(5, '2021-08-12 00:00:00', 25, 'INOX Screen 3', 'A', '2021-08-12 00:00:00', 2),
(6, '2021-08-12 00:00:00', 20, 'Rohini Screen 1', 'A', '2021-08-12 00:00:00', 3),
(7, '2021-08-12 00:00:00', 25, 'Rohini Screen 2', 'A', '2021-08-12 00:00:00', 3),
(8, '2021-08-12 00:00:00', 25, 'Rohini Screen 3', 'A', '2021-08-12 00:00:00', 3),
(9, '2021-08-12 00:00:00', 20, 'Luxe Screen 1', 'A', '2021-08-12 00:00:00', 4),
(10, '2021-08-12 00:00:00', 25, 'Luxe Screen 2', 'A', '2021-08-12 00:00:00', 4),
(11, '2021-08-12 00:00:00', 20, 'Mayajaal Screen 1', 'A', '2021-08-12 00:00:00', 5),
(12, '2021-08-12 00:00:00', 25, 'Mayajaal Screen 2', 'A', '2021-08-12 00:00:00', 5);

-- --------------------------------------------------------

--
-- Table structure for table `screen_seat_info`
--

DROP TABLE IF EXISTS `screen_seat_info`;
CREATE TABLE IF NOT EXISTS `screen_seat_info` (
  `screen_seat_id` bigint(20) NOT NULL AUTO_INCREMENT,
  `seat_number` varchar(255) DEFAULT NULL,
  `screen_id` bigint(20) DEFAULT NULL,
  `status` varchar(255) DEFAULT NULL,
  `created_at` datetime DEFAULT NULL,
  `updated_at` datetime DEFAULT NULL,
  PRIMARY KEY (`screen_seat_id`),
  KEY `FKqhed6f7xs9qv74kqev48lp6jg` (`screen_id`)
) ENGINE=MyISAM AUTO_INCREMENT=276 DEFAULT CHARSET=latin1;

--
-- Dumping data for table `screen_seat_info`
--

INSERT INTO `screen_seat_info` (`screen_seat_id`, `created_at`, `seat_number`, `status`, `updated_at`, `screen_id`) VALUES
(1, '2021-08-12 00:00:00', '1', 'A', '2021-08-12 00:00:00', 1),
(2, '2021-08-12 00:00:00', '2', 'A', '2021-08-12 00:00:00', 1),
(3, '2021-08-12 00:00:00', '3', 'A', '2021-08-12 00:00:00', 1),
(4, '2021-08-12 00:00:00', '4', 'A', '2021-08-12 00:00:00', 1),
(5, '2021-08-12 00:00:00', '5', 'A', '2021-08-12 00:00:00', 1),
(6, '2021-08-12 00:00:00', '6', 'A', '2021-08-12 00:00:00', 1),
(7, '2021-08-12 00:00:00', '7', 'A', '2021-08-12 00:00:00', 1),
(8, '2021-08-12 00:00:00', '8', 'A', '2021-08-12 00:00:00', 1),
(9, '2021-08-12 00:00:00', '9', 'A', '2021-08-12 00:00:00', 1),
(10, '2021-08-12 00:00:00', '10', 'A', '2021-08-12 00:00:00', 1),
(11, '2021-08-12 00:00:00', '11', 'A', '2021-08-12 00:00:00', 1),
(12, '2021-08-12 00:00:00', '12', 'A', '2021-08-12 00:00:00', 1),
(13, '2021-08-12 00:00:00', '13', 'A', '2021-08-12 00:00:00', 1),
(14, '2021-08-12 00:00:00', '14', 'A', '2021-08-12 00:00:00', 1),
(15, '2021-08-12 00:00:00', '15', 'A', '2021-08-12 00:00:00', 1),
(16, '2021-08-12 00:00:00', '16', 'A', '2021-08-12 00:00:00', 1),
(17, '2021-08-12 00:00:00', '17', 'A', '2021-08-12 00:00:00', 1),
(18, '2021-08-12 00:00:00', '18', 'A', '2021-08-12 00:00:00', 1),
(19, '2021-08-12 00:00:00', '19', 'A', '2021-08-12 00:00:00', 1),
(20, '2021-08-12 00:00:00', '20', 'A', '2021-08-12 00:00:00', 1),
(21, '2021-08-12 00:00:00', '1', 'A', '2021-08-12 00:00:00', 2),
(22, '2021-08-12 00:00:00', '2', 'A', '2021-08-12 00:00:00', 2),
(23, '2021-08-12 00:00:00', '3', 'A', '2021-08-12 00:00:00', 2),
(24, '2021-08-12 00:00:00', '4', 'A', '2021-08-12 00:00:00', 2),
(25, '2021-08-12 00:00:00', '5', 'A', '2021-08-12 00:00:00', 2),
(26, '2021-08-12 00:00:00', '6', 'A', '2021-08-12 00:00:00', 2),
(27, '2021-08-12 00:00:00', '7', 'A', '2021-08-12 00:00:00', 2),
(28, '2021-08-12 00:00:00', '8', 'A', '2021-08-12 00:00:00', 2),
(29, '2021-08-12 00:00:00', '9', 'A', '2021-08-12 00:00:00', 2),
(30, '2021-08-12 00:00:00', '10', 'A', '2021-08-12 00:00:00', 2),
(31, '2021-08-12 00:00:00', '11', 'A', '2021-08-12 00:00:00', 2),
(32, '2021-08-12 00:00:00', '12', 'A', '2021-08-12 00:00:00', 2),
(33, '2021-08-12 00:00:00', '13', 'A', '2021-08-12 00:00:00', 2),
(34, '2021-08-12 00:00:00', '14', 'A', '2021-08-12 00:00:00', 2),
(35, '2021-08-12 00:00:00', '15', 'A', '2021-08-12 00:00:00', 2),
(36, '2021-08-12 00:00:00', '16', 'A', '2021-08-12 00:00:00', 2),
(37, '2021-08-12 00:00:00', '17', 'A', '2021-08-12 00:00:00', 2),
(38, '2021-08-12 00:00:00', '18', 'A', '2021-08-12 00:00:00', 2),
(39, '2021-08-12 00:00:00', '19', 'A', '2021-08-12 00:00:00', 2),
(40, '2021-08-12 00:00:00', '20', 'A', '2021-08-12 00:00:00', 2),
(41, '2021-08-12 00:00:00', '21', 'A', '2021-08-12 00:00:00', 2),
(42, '2021-08-12 00:00:00', '22', 'A', '2021-08-12 00:00:00', 2),
(43, '2021-08-12 00:00:00', '23', 'A', '2021-08-12 00:00:00', 2),
(44, '2021-08-12 00:00:00', '24', 'A', '2021-08-12 00:00:00', 2),
(45, '2021-08-12 00:00:00', '25', 'A', '2021-08-12 00:00:00', 2),
(46, '2021-08-12 00:00:00', '1', 'A', '2021-08-12 00:00:00', 3),
(47, '2021-08-12 00:00:00', '2', 'A', '2021-08-12 00:00:00', 3),
(48, '2021-08-12 00:00:00', '3', 'A', '2021-08-12 00:00:00', 3),
(49, '2021-08-12 00:00:00', '4', 'A', '2021-08-12 00:00:00', 3),
(50, '2021-08-12 00:00:00', '5', 'A', '2021-08-12 00:00:00', 3),
(51, '2021-08-12 00:00:00', '6', 'A', '2021-08-12 00:00:00', 3),
(52, '2021-08-12 00:00:00', '7', 'A', '2021-08-12 00:00:00', 3),
(53, '2021-08-12 00:00:00', '8', 'A', '2021-08-12 00:00:00', 3),
(54, '2021-08-12 00:00:00', '9', 'A', '2021-08-12 00:00:00', 3),
(55, '2021-08-12 00:00:00', '10', 'A', '2021-08-12 00:00:00', 3),
(56, '2021-08-12 00:00:00', '11', 'A', '2021-08-12 00:00:00', 3),
(57, '2021-08-12 00:00:00', '12', 'A', '2021-08-12 00:00:00', 3),
(58, '2021-08-12 00:00:00', '13', 'A', '2021-08-12 00:00:00', 3),
(59, '2021-08-12 00:00:00', '14', 'A', '2021-08-12 00:00:00', 3),
(60, '2021-08-12 00:00:00', '15', 'A', '2021-08-12 00:00:00', 3),
(61, '2021-08-12 00:00:00', '16', 'A', '2021-08-12 00:00:00', 3),
(62, '2021-08-12 00:00:00', '17', 'A', '2021-08-12 00:00:00', 3),
(63, '2021-08-12 00:00:00', '18', 'A', '2021-08-12 00:00:00', 3),
(64, '2021-08-12 00:00:00', '19', 'A', '2021-08-12 00:00:00', 3),
(65, '2021-08-12 00:00:00', '20', 'A', '2021-08-12 00:00:00', 3),
(66, '2021-08-12 00:00:00', '1', 'A', '2021-08-12 00:00:00', 4),
(67, '2021-08-12 00:00:00', '2', 'A', '2021-08-12 00:00:00', 4),
(68, '2021-08-12 00:00:00', '3', 'A', '2021-08-12 00:00:00', 4),
(69, '2021-08-12 00:00:00', '4', 'A', '2021-08-12 00:00:00', 4),
(70, '2021-08-12 00:00:00', '5', 'A', '2021-08-12 00:00:00', 4),
(71, '2021-08-12 00:00:00', '6', 'A', '2021-08-12 00:00:00', 4),
(72, '2021-08-12 00:00:00', '7', 'A', '2021-08-12 00:00:00', 4),
(73, '2021-08-12 00:00:00', '8', 'A', '2021-08-12 00:00:00', 4),
(74, '2021-08-12 00:00:00', '9', 'A', '2021-08-12 00:00:00', 4),
(75, '2021-08-12 00:00:00', '10', 'A', '2021-08-12 00:00:00', 4),
(76, '2021-08-12 00:00:00', '11', 'A', '2021-08-12 00:00:00', 4),
(77, '2021-08-12 00:00:00', '12', 'A', '2021-08-12 00:00:00', 4),
(78, '2021-08-12 00:00:00', '13', 'A', '2021-08-12 00:00:00', 4),
(79, '2021-08-12 00:00:00', '14', 'A', '2021-08-12 00:00:00', 4),
(80, '2021-08-12 00:00:00', '15', 'A', '2021-08-12 00:00:00', 4),
(81, '2021-08-12 00:00:00', '16', 'A', '2021-08-12 00:00:00', 4),
(82, '2021-08-12 00:00:00', '17', 'A', '2021-08-12 00:00:00', 4),
(83, '2021-08-12 00:00:00', '18', 'A', '2021-08-12 00:00:00', 4),
(84, '2021-08-12 00:00:00', '19', 'A', '2021-08-12 00:00:00', 4),
(85, '2021-08-12 00:00:00', '20', 'A', '2021-08-12 00:00:00', 4),
(86, '2021-08-12 00:00:00', '21', 'A', '2021-08-12 00:00:00', 4),
(87, '2021-08-12 00:00:00', '22', 'A', '2021-08-12 00:00:00', 4),
(88, '2021-08-12 00:00:00', '23', 'A', '2021-08-12 00:00:00', 4),
(89, '2021-08-12 00:00:00', '24', 'A', '2021-08-12 00:00:00', 4),
(90, '2021-08-12 00:00:00', '25', 'A', '2021-08-12 00:00:00', 4),
(91, '2021-08-12 00:00:00', '1', 'A', '2021-08-12 00:00:00', 5),
(92, '2021-08-12 00:00:00', '2', 'A', '2021-08-12 00:00:00', 5),
(93, '2021-08-12 00:00:00', '3', 'A', '2021-08-12 00:00:00', 5),
(94, '2021-08-12 00:00:00', '4', 'A', '2021-08-12 00:00:00', 5),
(95, '2021-08-12 00:00:00', '5', 'A', '2021-08-12 00:00:00', 5),
(96, '2021-08-12 00:00:00', '6', 'A', '2021-08-12 00:00:00', 5),
(97, '2021-08-12 00:00:00', '7', 'A', '2021-08-12 00:00:00', 5),
(98, '2021-08-12 00:00:00', '8', 'A', '2021-08-12 00:00:00', 5),
(99, '2021-08-12 00:00:00', '9', 'A', '2021-08-12 00:00:00', 5),
(100, '2021-08-12 00:00:00', '10', 'A', '2021-08-12 00:00:00', 5),
(101, '2021-08-12 00:00:00', '11', 'A', '2021-08-12 00:00:00', 5),
(102, '2021-08-12 00:00:00', '12', 'A', '2021-08-12 00:00:00', 5),
(103, '2021-08-12 00:00:00', '13', 'A', '2021-08-12 00:00:00', 5),
(104, '2021-08-12 00:00:00', '14', 'A', '2021-08-12 00:00:00', 5),
(105, '2021-08-12 00:00:00', '15', 'A', '2021-08-12 00:00:00', 5),
(106, '2021-08-12 00:00:00', '16', 'A', '2021-08-12 00:00:00', 5),
(107, '2021-08-12 00:00:00', '17', 'A', '2021-08-12 00:00:00', 5),
(108, '2021-08-12 00:00:00', '18', 'A', '2021-08-12 00:00:00', 5),
(109, '2021-08-12 00:00:00', '19', 'A', '2021-08-12 00:00:00', 5),
(110, '2021-08-12 00:00:00', '20', 'A', '2021-08-12 00:00:00', 5),
(111, '2021-08-12 00:00:00', '21', 'A', '2021-08-12 00:00:00', 5),
(112, '2021-08-12 00:00:00', '22', 'A', '2021-08-12 00:00:00', 5),
(113, '2021-08-12 00:00:00', '23', 'A', '2021-08-12 00:00:00', 5),
(114, '2021-08-12 00:00:00', '24', 'A', '2021-08-12 00:00:00', 5),
(115, '2021-08-12 00:00:00', '25', 'A', '2021-08-12 00:00:00', 5),
(116, '2021-08-12 00:00:00', '1', 'A', '2021-08-12 00:00:00', 6),
(117, '2021-08-12 00:00:00', '2', 'A', '2021-08-12 00:00:00', 6),
(118, '2021-08-12 00:00:00', '3', 'A', '2021-08-12 00:00:00', 6),
(119, '2021-08-12 00:00:00', '4', 'A', '2021-08-12 00:00:00', 6),
(120, '2021-08-12 00:00:00', '5', 'A', '2021-08-12 00:00:00', 6),
(121, '2021-08-12 00:00:00', '6', 'A', '2021-08-12 00:00:00', 6),
(122, '2021-08-12 00:00:00', '7', 'A', '2021-08-12 00:00:00', 6),
(123, '2021-08-12 00:00:00', '8', 'A', '2021-08-12 00:00:00', 6),
(124, '2021-08-12 00:00:00', '9', 'A', '2021-08-12 00:00:00', 6),
(125, '2021-08-12 00:00:00', '10', 'A', '2021-08-12 00:00:00', 6),
(126, '2021-08-12 00:00:00', '11', 'A', '2021-08-12 00:00:00', 6),
(127, '2021-08-12 00:00:00', '12', 'A', '2021-08-12 00:00:00', 6),
(128, '2021-08-12 00:00:00', '13', 'A', '2021-08-12 00:00:00', 6),
(129, '2021-08-12 00:00:00', '14', 'A', '2021-08-12 00:00:00', 6),
(130, '2021-08-12 00:00:00', '15', 'A', '2021-08-12 00:00:00', 6),
(131, '2021-08-12 00:00:00', '16', 'A', '2021-08-12 00:00:00', 6),
(132, '2021-08-12 00:00:00', '17', 'A', '2021-08-12 00:00:00', 6),
(133, '2021-08-12 00:00:00', '18', 'A', '2021-08-12 00:00:00', 6),
(134, '2021-08-12 00:00:00', '19', 'A', '2021-08-12 00:00:00', 6),
(135, '2021-08-12 00:00:00', '20', 'A', '2021-08-12 00:00:00', 6),
(136, '2021-08-12 00:00:00', '1', 'A', '2021-08-12 00:00:00', 7),
(137, '2021-08-12 00:00:00', '2', 'A', '2021-08-12 00:00:00', 7),
(138, '2021-08-12 00:00:00', '3', 'A', '2021-08-12 00:00:00', 7),
(139, '2021-08-12 00:00:00', '4', 'A', '2021-08-12 00:00:00', 7),
(140, '2021-08-12 00:00:00', '5', 'A', '2021-08-12 00:00:00', 7),
(141, '2021-08-12 00:00:00', '6', 'A', '2021-08-12 00:00:00', 7),
(142, '2021-08-12 00:00:00', '7', 'A', '2021-08-12 00:00:00', 7),
(143, '2021-08-12 00:00:00', '8', 'A', '2021-08-12 00:00:00', 7),
(144, '2021-08-12 00:00:00', '9', 'A', '2021-08-12 00:00:00', 7),
(145, '2021-08-12 00:00:00', '10', 'A', '2021-08-12 00:00:00', 7),
(146, '2021-08-12 00:00:00', '11', 'A', '2021-08-12 00:00:00', 7),
(147, '2021-08-12 00:00:00', '12', 'A', '2021-08-12 00:00:00', 7),
(148, '2021-08-12 00:00:00', '13', 'A', '2021-08-12 00:00:00', 7),
(149, '2021-08-12 00:00:00', '14', 'A', '2021-08-12 00:00:00', 7),
(150, '2021-08-12 00:00:00', '15', 'A', '2021-08-12 00:00:00', 7),
(151, '2021-08-12 00:00:00', '16', 'A', '2021-08-12 00:00:00', 7),
(152, '2021-08-12 00:00:00', '17', 'A', '2021-08-12 00:00:00', 7),
(153, '2021-08-12 00:00:00', '18', 'A', '2021-08-12 00:00:00', 7),
(154, '2021-08-12 00:00:00', '19', 'A', '2021-08-12 00:00:00', 7),
(155, '2021-08-12 00:00:00', '20', 'A', '2021-08-12 00:00:00', 7),
(156, '2021-08-12 00:00:00', '21', 'A', '2021-08-12 00:00:00', 7),
(157, '2021-08-12 00:00:00', '22', 'A', '2021-08-12 00:00:00', 7),
(158, '2021-08-12 00:00:00', '23', 'A', '2021-08-12 00:00:00', 7),
(159, '2021-08-12 00:00:00', '24', 'A', '2021-08-12 00:00:00', 7),
(160, '2021-08-12 00:00:00', '25', 'A', '2021-08-12 00:00:00', 7),
(161, '2021-08-12 00:00:00', '1', 'A', '2021-08-12 00:00:00', 8),
(162, '2021-08-12 00:00:00', '2', 'A', '2021-08-12 00:00:00', 8),
(163, '2021-08-12 00:00:00', '3', 'A', '2021-08-12 00:00:00', 8),
(164, '2021-08-12 00:00:00', '4', 'A', '2021-08-12 00:00:00', 8),
(165, '2021-08-12 00:00:00', '5', 'A', '2021-08-12 00:00:00', 8),
(166, '2021-08-12 00:00:00', '6', 'A', '2021-08-12 00:00:00', 8),
(167, '2021-08-12 00:00:00', '7', 'A', '2021-08-12 00:00:00', 8),
(168, '2021-08-12 00:00:00', '8', 'A', '2021-08-12 00:00:00', 8),
(169, '2021-08-12 00:00:00', '9', 'A', '2021-08-12 00:00:00', 8),
(170, '2021-08-12 00:00:00', '10', 'A', '2021-08-12 00:00:00', 8),
(171, '2021-08-12 00:00:00', '11', 'A', '2021-08-12 00:00:00', 8),
(172, '2021-08-12 00:00:00', '12', 'A', '2021-08-12 00:00:00', 8),
(173, '2021-08-12 00:00:00', '13', 'A', '2021-08-12 00:00:00', 8),
(174, '2021-08-12 00:00:00', '14', 'A', '2021-08-12 00:00:00', 8),
(175, '2021-08-12 00:00:00', '15', 'A', '2021-08-12 00:00:00', 8),
(176, '2021-08-12 00:00:00', '16', 'A', '2021-08-12 00:00:00', 8),
(177, '2021-08-12 00:00:00', '17', 'A', '2021-08-12 00:00:00', 8),
(178, '2021-08-12 00:00:00', '18', 'A', '2021-08-12 00:00:00', 8),
(179, '2021-08-12 00:00:00', '19', 'A', '2021-08-12 00:00:00', 8),
(180, '2021-08-12 00:00:00', '20', 'A', '2021-08-12 00:00:00', 8),
(181, '2021-08-12 00:00:00', '21', 'A', '2021-08-12 00:00:00', 8),
(182, '2021-08-12 00:00:00', '22', 'A', '2021-08-12 00:00:00', 8),
(183, '2021-08-12 00:00:00', '23', 'A', '2021-08-12 00:00:00', 8),
(184, '2021-08-12 00:00:00', '24', 'A', '2021-08-12 00:00:00', 8),
(185, '2021-08-12 00:00:00', '25', 'A', '2021-08-12 00:00:00', 8),
(186, '2021-08-12 00:00:00', '1', 'A', '2021-08-12 00:00:00', 9),
(187, '2021-08-12 00:00:00', '2', 'A', '2021-08-12 00:00:00', 9),
(188, '2021-08-12 00:00:00', '3', 'A', '2021-08-12 00:00:00', 9),
(189, '2021-08-12 00:00:00', '4', 'A', '2021-08-12 00:00:00', 9),
(190, '2021-08-12 00:00:00', '5', 'A', '2021-08-12 00:00:00', 9),
(191, '2021-08-12 00:00:00', '6', 'A', '2021-08-12 00:00:00', 9),
(192, '2021-08-12 00:00:00', '7', 'A', '2021-08-12 00:00:00', 9),
(193, '2021-08-12 00:00:00', '8', 'A', '2021-08-12 00:00:00', 9),
(194, '2021-08-12 00:00:00', '9', 'A', '2021-08-12 00:00:00', 9),
(195, '2021-08-12 00:00:00', '10', 'A', '2021-08-12 00:00:00', 9),
(196, '2021-08-12 00:00:00', '11', 'A', '2021-08-12 00:00:00', 9),
(197, '2021-08-12 00:00:00', '12', 'A', '2021-08-12 00:00:00', 9),
(198, '2021-08-12 00:00:00', '13', 'A', '2021-08-12 00:00:00', 9),
(199, '2021-08-12 00:00:00', '14', 'A', '2021-08-12 00:00:00', 9),
(200, '2021-08-12 00:00:00', '15', 'A', '2021-08-12 00:00:00', 9),
(201, '2021-08-12 00:00:00', '16', 'A', '2021-08-12 00:00:00', 9),
(202, '2021-08-12 00:00:00', '17', 'A', '2021-08-12 00:00:00', 9),
(203, '2021-08-12 00:00:00', '18', 'A', '2021-08-12 00:00:00', 9),
(204, '2021-08-12 00:00:00', '19', 'A', '2021-08-12 00:00:00', 9),
(205, '2021-08-12 00:00:00', '20', 'A', '2021-08-12 00:00:00', 9),
(206, '2021-08-12 00:00:00', '1', 'A', '2021-08-12 00:00:00', 10),
(207, '2021-08-12 00:00:00', '2', 'A', '2021-08-12 00:00:00', 10),
(208, '2021-08-12 00:00:00', '3', 'A', '2021-08-12 00:00:00', 10),
(209, '2021-08-12 00:00:00', '4', 'A', '2021-08-12 00:00:00', 10),
(210, '2021-08-12 00:00:00', '5', 'A', '2021-08-12 00:00:00', 10),
(211, '2021-08-12 00:00:00', '6', 'A', '2021-08-12 00:00:00', 10),
(212, '2021-08-12 00:00:00', '7', 'A', '2021-08-12 00:00:00', 10),
(213, '2021-08-12 00:00:00', '8', 'A', '2021-08-12 00:00:00', 10),
(214, '2021-08-12 00:00:00', '9', 'A', '2021-08-12 00:00:00', 10),
(215, '2021-08-12 00:00:00', '10', 'A', '2021-08-12 00:00:00', 10),
(216, '2021-08-12 00:00:00', '11', 'A', '2021-08-12 00:00:00', 10),
(217, '2021-08-12 00:00:00', '12', 'A', '2021-08-12 00:00:00', 10),
(218, '2021-08-12 00:00:00', '13', 'A', '2021-08-12 00:00:00', 10),
(219, '2021-08-12 00:00:00', '14', 'A', '2021-08-12 00:00:00', 10),
(220, '2021-08-12 00:00:00', '15', 'A', '2021-08-12 00:00:00', 10),
(221, '2021-08-12 00:00:00', '16', 'A', '2021-08-12 00:00:00', 10),
(222, '2021-08-12 00:00:00', '17', 'A', '2021-08-12 00:00:00', 10),
(223, '2021-08-12 00:00:00', '18', 'A', '2021-08-12 00:00:00', 10),
(224, '2021-08-12 00:00:00', '19', 'A', '2021-08-12 00:00:00', 10),
(225, '2021-08-12 00:00:00', '20', 'A', '2021-08-12 00:00:00', 10),
(226, '2021-08-12 00:00:00', '21', 'A', '2021-08-12 00:00:00', 10),
(227, '2021-08-12 00:00:00', '22', 'A', '2021-08-12 00:00:00', 10),
(228, '2021-08-12 00:00:00', '23', 'A', '2021-08-12 00:00:00', 10),
(229, '2021-08-12 00:00:00', '24', 'A', '2021-08-12 00:00:00', 10),
(230, '2021-08-12 00:00:00', '25', 'A', '2021-08-12 00:00:00', 10),
(231, '2021-08-12 00:00:00', '1', 'A', '2021-08-12 00:00:00', 11),
(232, '2021-08-12 00:00:00', '2', 'A', '2021-08-12 00:00:00', 11),
(233, '2021-08-12 00:00:00', '3', 'A', '2021-08-12 00:00:00', 11),
(234, '2021-08-12 00:00:00', '4', 'A', '2021-08-12 00:00:00', 11),
(235, '2021-08-12 00:00:00', '5', 'A', '2021-08-12 00:00:00', 11),
(236, '2021-08-12 00:00:00', '6', 'A', '2021-08-12 00:00:00', 11),
(237, '2021-08-12 00:00:00', '7', 'A', '2021-08-12 00:00:00', 11),
(238, '2021-08-12 00:00:00', '8', 'A', '2021-08-12 00:00:00', 11),
(239, '2021-08-12 00:00:00', '9', 'A', '2021-08-12 00:00:00', 11),
(240, '2021-08-12 00:00:00', '10', 'A', '2021-08-12 00:00:00', 11),
(241, '2021-08-12 00:00:00', '11', 'A', '2021-08-12 00:00:00', 11),
(242, '2021-08-12 00:00:00', '12', 'A', '2021-08-12 00:00:00', 11),
(243, '2021-08-12 00:00:00', '13', 'A', '2021-08-12 00:00:00', 11),
(244, '2021-08-12 00:00:00', '14', 'A', '2021-08-12 00:00:00', 11),
(245, '2021-08-12 00:00:00', '15', 'A', '2021-08-12 00:00:00', 11),
(246, '2021-08-12 00:00:00', '16', 'A', '2021-08-12 00:00:00', 11),
(247, '2021-08-12 00:00:00', '17', 'A', '2021-08-12 00:00:00', 11),
(248, '2021-08-12 00:00:00', '18', 'A', '2021-08-12 00:00:00', 11),
(249, '2021-08-12 00:00:00', '19', 'A', '2021-08-12 00:00:00', 11),
(250, '2021-08-12 00:00:00', '20', 'A', '2021-08-12 00:00:00', 11),
(251, '2021-08-12 00:00:00', '1', 'A', '2021-08-12 00:00:00', 12),
(252, '2021-08-12 00:00:00', '2', 'A', '2021-08-12 00:00:00', 12),
(253, '2021-08-12 00:00:00', '3', 'A', '2021-08-12 00:00:00', 12),
(254, '2021-08-12 00:00:00', '4', 'A', '2021-08-12 00:00:00', 12),
(255, '2021-08-12 00:00:00', '5', 'A', '2021-08-12 00:00:00', 12),
(256, '2021-08-12 00:00:00', '6', 'A', '2021-08-12 00:00:00', 12),
(257, '2021-08-12 00:00:00', '7', 'A', '2021-08-12 00:00:00', 12),
(258, '2021-08-12 00:00:00', '8', 'A', '2021-08-12 00:00:00', 12),
(259, '2021-08-12 00:00:00', '9', 'A', '2021-08-12 00:00:00', 12),
(260, '2021-08-12 00:00:00', '10', 'A', '2021-08-12 00:00:00', 12),
(261, '2021-08-12 00:00:00', '11', 'A', '2021-08-12 00:00:00', 12),
(262, '2021-08-12 00:00:00', '12', 'A', '2021-08-12 00:00:00', 12),
(263, '2021-08-12 00:00:00', '13', 'A', '2021-08-12 00:00:00', 12),
(264, '2021-08-12 00:00:00', '14', 'A', '2021-08-12 00:00:00', 12),
(265, '2021-08-12 00:00:00', '15', 'A', '2021-08-12 00:00:00', 12),
(266, '2021-08-12 00:00:00', '16', 'A', '2021-08-12 00:00:00', 12),
(267, '2021-08-12 00:00:00', '17', 'A', '2021-08-12 00:00:00', 12),
(268, '2021-08-12 00:00:00', '18', 'A', '2021-08-12 00:00:00', 12),
(269, '2021-08-12 00:00:00', '19', 'A', '2021-08-12 00:00:00', 12),
(270, '2021-08-12 00:00:00', '20', 'A', '2021-08-12 00:00:00', 12),
(271, '2021-08-12 00:00:00', '21', 'A', '2021-08-12 00:00:00', 12),
(272, '2021-08-12 00:00:00', '22', 'A', '2021-08-12 00:00:00', 12),
(273, '2021-08-12 00:00:00', '23', 'A', '2021-08-12 00:00:00', 12),
(274, '2021-08-12 00:00:00', '24', 'A', '2021-08-12 00:00:00', 12),
(275, '2021-08-12 00:00:00', '25', 'A', '2021-08-12 00:00:00', 12);

-- --------------------------------------------------------

--
-- Table structure for table `show_info`
--

DROP TABLE IF EXISTS `show_info`;
CREATE TABLE IF NOT EXISTS `show_info` (
  `show_id` bigint(20) NOT NULL AUTO_INCREMENT,
  `screen_id` bigint(20) DEFAULT NULL,
  `movie_id` bigint(20) DEFAULT NULL,
  `show_end_time` datetime DEFAULT NULL,
  `show_start_time` datetime DEFAULT NULL,
  `status` varchar(255) DEFAULT NULL,
  `created_at` datetime DEFAULT NULL,
  `updated_at` datetime DEFAULT NULL,
  PRIMARY KEY (`show_id`),
  KEY `FK5hrc3sv5tppbl0c87hheroeti` (`movie_id`),
  KEY `FKlj8wq4m5kwxbjeud0p2wv4but` (`screen_id`)
) ENGINE=MyISAM AUTO_INCREMENT=25 DEFAULT CHARSET=latin1;

--
-- Dumping data for table `show_info`
--

INSERT INTO `show_info` (`show_id`, `created_at`, `show_end_time`, `show_start_time`, `status`, `updated_at`, `movie_id`, `screen_id`) VALUES
(1, '2021-08-12 00:00:00', '2021-08-13 13:00:00', '2021-08-13 10:00:00', 'A', '2021-08-12 00:00:00', 1, 1),
(2, '2021-08-12 00:00:00', '2021-08-13 13:00:00', '2021-08-13 10:00:00', 'A', '2021-08-12 00:00:00', 2, 2),
(3, '2021-08-13 00:00:00', '2021-08-13 18:00:00', '2021-08-13 15:00:00', 'A', '2021-08-13 00:00:00', 1, 1),
(4, '2021-08-13 00:00:00', '2021-08-13 18:00:00', '2021-08-13 15:00:00', 'A', '2021-08-13 00:00:00', 2, 2),
(5, '2021-08-12 00:00:00', '2021-08-13 13:00:00', '2021-08-13 10:00:00', 'A', '2021-08-12 00:00:00', 1, 9),
(6, '2021-08-12 00:00:00', '2021-08-13 13:00:00', '2021-08-13 10:00:00', 'A', '2021-08-12 00:00:00', 3, 10),
(7, '2021-08-13 00:00:00', '2021-08-13 18:00:00', '2021-08-13 15:00:00', 'A', '2021-08-13 00:00:00', 1, 9),
(8, '2021-08-13 00:00:00', '2021-08-13 18:00:00', '2021-08-13 15:00:00', 'A', '2021-08-13 00:00:00', 3, 10),
(9, '2021-08-12 00:00:00', '2021-08-13 13:00:00', '2021-08-13 10:00:00', 'A', '2021-08-12 00:00:00', 2, 11),
(10, '2021-08-12 00:00:00', '2021-08-13 13:00:00', '2021-08-13 10:00:00', 'A', '2021-08-12 00:00:00', 3, 12),
(11, '2021-08-13 00:00:00', '2021-08-13 18:00:00', '2021-08-13 15:00:00', 'A', '2021-08-13 00:00:00', 2, 11),
(12, '2021-08-13 00:00:00', '2021-08-13 18:00:00', '2021-08-13 15:00:00', 'A', '2021-08-13 00:00:00', 3, 12),
(13, '2021-08-12 00:00:00', '2021-08-13 13:00:00', '2021-08-13 10:00:00', 'A', '2021-08-12 00:00:00', 1, 3),
(14, '2021-08-12 00:00:00', '2021-08-13 13:00:00', '2021-08-13 10:00:00', 'A', '2021-08-12 00:00:00', 2, 4),
(15, '2021-08-12 00:00:00', '2021-08-13 13:00:00', '2021-08-13 10:00:00', 'A', '2021-08-12 00:00:00', 3, 5),
(16, '2021-08-13 00:00:00', '2021-08-13 18:00:00', '2021-08-13 15:00:00', 'A', '2021-08-13 00:00:00', 1, 3),
(17, '2021-08-13 00:00:00', '2021-08-13 18:00:00', '2021-08-13 15:00:00', 'A', '2021-08-13 00:00:00', 2, 4),
(18, '2021-08-12 00:00:00', '2021-08-13 13:00:00', '2021-08-13 10:00:00', 'A', '2021-08-12 00:00:00', 3, 5),
(19, '2021-08-12 00:00:00', '2021-08-13 13:00:00', '2021-08-13 10:00:00', 'A', '2021-08-12 00:00:00', 1, 6),
(20, '2021-08-12 00:00:00', '2021-08-13 13:00:00', '2021-08-13 10:00:00', 'A', '2021-08-12 00:00:00', 2, 7),
(21, '2021-08-12 00:00:00', '2021-08-13 13:00:00', '2021-08-13 10:00:00', 'A', '2021-08-12 00:00:00', 3, 8),
(22, '2021-08-13 00:00:00', '2021-08-13 18:00:00', '2021-08-13 15:00:00', 'A', '2021-08-13 00:00:00', 1, 6),
(23, '2021-08-13 00:00:00', '2021-08-13 18:00:00', '2021-08-13 15:00:00', 'A', '2021-08-13 00:00:00', 2, 7),
(24, '2021-08-12 00:00:00', '2021-08-13 13:00:00', '2021-08-13 10:00:00', 'A', '2021-08-12 00:00:00', 3, 8);

-- --------------------------------------------------------

--
-- Table structure for table `theatre_info`
--

DROP TABLE IF EXISTS `theatre_info`;
CREATE TABLE IF NOT EXISTS `theatre_info` (
  `theatre_id` bigint(20) NOT NULL AUTO_INCREMENT,
  `theatre_name` varchar(255) DEFAULT NULL,
  `location` varchar(255) DEFAULT NULL,
  `logo_url` varchar(255) DEFAULT NULL,
  `status` varchar(255) DEFAULT NULL,
  `created_at` datetime DEFAULT NULL,
  `updated_at` datetime DEFAULT NULL,
  PRIMARY KEY (`theatre_id`)
) ENGINE=MyISAM AUTO_INCREMENT=6 DEFAULT CHARSET=latin1;

--
-- Dumping data for table `theatre_info`
--

INSERT INTO `theatre_info` (`theatre_id`, `created_at`, `status`, `location`, `theatre_name`, `updated_at`, `logo_url`) VALUES
(1, '2021-08-13 00:00:00', 'A', 'Chennai', 'AGS Cinemas', '2021-08-13 00:00:00', '/images/ags_logo.jpg'),
(2, '2021-08-13 00:00:00', 'A', 'Chennai', 'INOX National', '2021-08-13 00:00:00', '/images/inox_logo.jpg'),
(3, '2021-08-13 00:00:00', 'A', 'Chennai', 'Rohini Silver Screens', '2021-08-13 00:00:00', '/images/rohini_logo.jpg'),
(4, '2021-08-13 00:00:00', 'A', 'Chennai', 'Luxe Cinemas', '2021-08-13 00:00:00', '/images/luxe_logo.jpg'),
(5, '2021-08-13 00:00:00', 'A', 'Chennai', 'Mayajaal Multiplex', '2021-08-13 00:00:00', '/images/mayajaal_logo.jpg');

-- --------------------------------------------------------

--
-- Table structure for table `user_info`
--

DROP TABLE IF EXISTS `user_info`;
CREATE TABLE IF NOT EXISTS `user_info` (
  `user_id` bigint(20) NOT NULL AUTO_INCREMENT,
  `email_id` varchar(255) DEFAULT NULL,
  `first_name` varchar(255) DEFAULT NULL,
  `last_name` varchar(255) DEFAULT NULL,
  `password` varchar(255) DEFAULT NULL,
  `phone_number` varchar(255) DEFAULT NULL,
  `user_role` varchar(255) DEFAULT NULL,
  `user_status` varchar(255) DEFAULT NULL,
  `created_at` datetime DEFAULT NULL,
  `updated_at` datetime DEFAULT NULL,
  PRIMARY KEY (`user_id`),
  UNIQUE KEY `UKtnbxlxth3tfv935ptm61ki8q9` (`email_id`)
) ENGINE=MyISAM AUTO_INCREMENT=3 DEFAULT CHARSET=latin1;

--
-- Dumping data for table `user_info`
--

INSERT INTO `user_info` (`user_id`, `created_at`, `email_id`, `first_name`, `last_name`, `password`, `phone_number`, `updated_at`, `user_role`, `user_status`) VALUES
(2, '2021-08-13 18:24:33', 'testuser@yopmail.com', 'Test User', '1', '$2a$12$v8dn/MRGO6akR44pImyNp.kWt5A48lWlQJNnt.QCGI7YOqK2qPV72', '9791081330', '2021-08-13 18:24:33', NULL, 'A');
COMMIT;

/*!40101 SET CHARACTER_SET_CLIENT=@OLD_CHARACTER_SET_CLIENT */;
/*!40101 SET CHARACTER_SET_RESULTS=@OLD_CHARACTER_SET_RESULTS */;
/*!40101 SET COLLATION_CONNECTION=@OLD_COLLATION_CONNECTION */;
